timeStamp,elapsed,label,responseCode,responseMessage,threadName,dataType,success,failureMessage,bytes,sentBytes,grpThreads,allThreads,URL,Latency,IdleTime,Connect
1705667949018,59,HTTP Request,301,Moved Permanently,Case2 8-1,text,true,,347,121,1,8,https://makemytrip.com/railways/,59,0,51
1705667949026,57,HTTP Request,301,Moved Permanently,Case3 9-1,text,true,,346,120,1,8,https://makemytrip.com/flights/,57,0,49
1705667954088,13,HTTP Request,301,Moved Permanently,Case3 9-1,text,true,,347,121,2,4,https://makemytrip.com/railways/,13,0,0
1705667954088,13,HTTP Request,301,Moved Permanently,Case2 8-1,text,true,,345,119,2,4,https://makemytrip.com/hotels/,13,0,0
1705667954088,50,HTTP Request,301,Moved Permanently,Case3 9-2,text,true,,344,118,2,4,https://makemytrip.com/forex/,50,0,43
1705667954088,72,HTTP Request,301,Moved Permanently,Case2 8-2,text,true,,353,127,2,4,https://makemytrip.com/holidays-india/,72,0,50
1705667959105,22,HTTP Request,301,Moved Permanently,Case3 9-2,text,true,,347,121,3,6,https://makemytrip.com/railways/,22,0,0
1705667959105,22,HTTP Request,301,Moved Permanently,Case2 8-1,text,true,,353,127,3,6,https://makemytrip.com/holidays-india/,22,0,0
1705667959105,23,HTTP Request,301,Moved Permanently,Case3 9-1,text,true,,346,120,3,6,https://makemytrip.com/flights/,23,0,0
1705667959105,24,HTTP Request,301,Moved Permanently,Case2 8-2,text,true,,347,121,2,4,https://makemytrip.com/railways/,24,0,0
1705667959106,71,HTTP Request,301,Moved Permanently,Case3 9-3,text,true,,344,118,2,4,https://makemytrip.com/forex/,71,0,62
1705667959106,71,HTTP Request,301,Moved Permanently,Case2 8-3,text,true,,345,119,2,4,https://makemytrip.com/hotels/,71,0,62
1705667964138,11,HTTP Request,301,Moved Permanently,Case3 9-2,text,true,,346,120,3,6,https://makemytrip.com/flights/,11,0,0
1705667964138,11,HTTP Request,301,Moved Permanently,Case3 9-3,text,true,,347,121,3,6,https://makemytrip.com/railways/,11,0,0
1705667964138,11,HTTP Request,301,Moved Permanently,Case2 8-3,text,true,,347,121,3,6,https://makemytrip.com/railways/,11,0,0
1705667964138,12,HTTP Request,301,Moved Permanently,Case2 8-2,text,true,,353,127,3,6,https://makemytrip.com/holidays-india/,12,0,0
1705667964138,54,HTTP Request,301,Moved Permanently,Case2 8-4,text,true,,345,119,2,4,https://makemytrip.com/hotels/,54,0,45
1705667964139,53,HTTP Request,301,Moved Permanently,Case3 9-4,text,true,,344,118,2,4,https://makemytrip.com/forex/,53,0,44
1705667969155,16,HTTP Request,301,Moved Permanently,Case3 9-4,text,true,,347,121,3,6,https://makemytrip.com/railways/,16,0,0
1705667969155,16,HTTP Request,301,Moved Permanently,Case3 9-3,text,true,,346,120,3,6,https://makemytrip.com/flights/,16,0,0
1705667969155,16,HTTP Request,301,Moved Permanently,Case2 8-3,text,true,,353,127,3,6,https://makemytrip.com/holidays-india/,16,0,0
1705667969155,16,HTTP Request,301,Moved Permanently,Case2 8-4,text,true,,347,121,3,6,https://makemytrip.com/railways/,16,0,0
1705667969155,50,HTTP Request,301,Moved Permanently,Case3 9-5,text,true,,344,118,2,4,https://makemytrip.com/forex/,50,0,41
1705667969156,54,HTTP Request,301,Moved Permanently,Case2 8-5,text,true,,345,119,2,4,https://makemytrip.com/hotels/,54,0,45
1705667974178,11,HTTP Request,301,Moved Permanently,Case3 9-4,text,true,,346,120,3,6,https://makemytrip.com/flights/,11,0,0
1705667974178,11,HTTP Request,301,Moved Permanently,Case2 8-5,text,true,,347,121,3,6,https://makemytrip.com/railways/,11,0,0
1705667974178,11,HTTP Request,301,Moved Permanently,Case2 8-4,text,true,,353,127,3,6,https://makemytrip.com/holidays-india/,11,0,0
1705667974178,12,HTTP Request,301,Moved Permanently,Case3 9-5,text,true,,347,121,3,6,https://makemytrip.com/railways/,12,0,0
1705667974179,45,HTTP Request,301,Moved Permanently,Case2 8-6,text,true,,345,119,2,4,https://makemytrip.com/hotels/,45,0,38
1705667974178,46,HTTP Request,301,Moved Permanently,Case3 9-6,text,true,,344,118,2,4,https://makemytrip.com/forex/,46,0,38
1705667979198,9,HTTP Request,301,Moved Permanently,Case2 8-5,text,true,,353,127,2,4,https://makemytrip.com/holidays-india/,9,0,0
1705667979197,10,HTTP Request,301,Moved Permanently,Case3 9-6,text,true,,347,121,2,4,https://makemytrip.com/railways/,10,0,0
1705667979197,10,HTTP Request,301,Moved Permanently,Case2 8-6,text,true,,347,121,2,4,https://makemytrip.com/railways/,10,0,0
1705667979197,12,HTTP Request,301,Moved Permanently,Case3 9-5,text,true,,346,120,2,3,https://makemytrip.com/flights/,12,0,0
1705667984208,11,HTTP Request,301,Moved Permanently,Case2 8-6,text,true,,345,119,2,4,https://makemytrip.com/hotels/,11,0,0
1705667984208,11,HTTP Request,301,Moved Permanently,Case3 9-6,text,true,,344,118,2,4,https://makemytrip.com/forex/,11,0,0
1705667984208,104,HTTP Request,301,Moved Permanently,Case3 9-7,text,true,,346,120,1,2,https://makemytrip.com/flights/,104,0,86
1705667984208,107,HTTP Request,301,Moved Permanently,Case2 8-7,text,true,,353,127,1,2,https://makemytrip.com/holidays-india/,107,0,91
1705667989318,10,HTTP Request,301,Moved Permanently,Case2 8-7,text,true,,347,121,2,4,https://makemytrip.com/railways/,10,0,0
1705667989318,10,HTTP Request,301,Moved Permanently,Case3 9-7,text,true,,347,121,2,4,https://makemytrip.com/railways/,10,0,0
1705667989318,50,HTTP Request,301,Moved Permanently,Case3 9-8,text,true,,344,118,2,4,https://makemytrip.com/forex/,50,0,42
1705667989318,50,HTTP Request,301,Moved Permanently,Case2 8-8,text,true,,345,119,2,4,https://makemytrip.com/hotels/,50,0,42
1705667994338,14,HTTP Request,301,Moved Permanently,Case3 9-8,text,true,,347,121,3,6,https://makemytrip.com/railways/,14,0,0
1705667994338,14,HTTP Request,301,Moved Permanently,Case2 8-7,text,true,,353,127,3,6,https://makemytrip.com/holidays-india/,14,0,0
1705667994338,14,HTTP Request,301,Moved Permanently,Case2 8-8,text,true,,347,121,3,6,https://makemytrip.com/railways/,14,0,0
1705667994339,13,HTTP Request,301,Moved Permanently,Case3 9-7,text,true,,346,120,3,6,https://makemytrip.com/flights/,13,0,0
1705667994339,85,HTTP Request,301,Moved Permanently,Case3 9-9,text,true,,344,118,2,4,https://makemytrip.com/forex/,85,0,76
1705667994340,84,HTTP Request,301,Moved Permanently,Case2 8-9,text,true,,345,119,2,4,https://makemytrip.com/hotels/,84,0,75
1705667999358,11,HTTP Request,301,Moved Permanently,Case3 9-8,text,true,,346,120,3,6,https://makemytrip.com/flights/,11,0,0
1705667999358,11,HTTP Request,301,Moved Permanently,Case3 9-9,text,true,,347,121,3,6,https://makemytrip.com/railways/,11,0,0
1705667999358,11,HTTP Request,301,Moved Permanently,Case2 8-9,text,true,,347,121,3,6,https://makemytrip.com/railways/,11,0,0
1705667999358,11,HTTP Request,301,Moved Permanently,Case2 8-8,text,true,,353,127,3,6,https://makemytrip.com/holidays-india/,11,0,0
1705667999359,84,HTTP Request,301,Moved Permanently,Case3 9-10,text,true,,344,118,2,4,https://makemytrip.com/forex/,84,0,76
1705667999359,84,HTTP Request,301,Moved Permanently,Case2 8-10,text,true,,345,119,2,4,https://makemytrip.com/hotels/,84,0,75
1705668004378,14,HTTP Request,301,Moved Permanently,Case2 8-9,text,true,,353,127,2,4,https://makemytrip.com/holidays-india/,14,0,0
1705668004378,14,HTTP Request,301,Moved Permanently,Case2 8-10,text,true,,347,121,2,4,https://makemytrip.com/railways/,14,0,0
1705668004378,14,HTTP Request,301,Moved Permanently,Case3 9-9,text,true,,346,120,2,4,https://makemytrip.com/flights/,14,0,0
1705668004378,14,HTTP Request,301,Moved Permanently,Case3 9-10,text,true,,347,121,2,4,https://makemytrip.com/railways/,14,0,0
1705668009394,11,HTTP Request,301,Moved Permanently,Case2 8-10,text,true,,345,119,1,2,https://makemytrip.com/hotels/,11,0,0
1705668009395,10,HTTP Request,301,Moved Permanently,Case3 9-10,text,true,,344,118,1,2,https://makemytrip.com/forex/,10,0,0
